day,user_id,user_login,user_initiated_interaction_count,code_generation_activity_count,code_acceptance_activity_count,loc_suggested_to_add_sum,loc_suggested_to_delete_sum,loc_added_sum,loc_deleted_sum,used_agent,used_chat
2025-11-23,10000226,lady_gaga,14,145,37,384,0,216,9,True,True
2025-11-23,10012636,hulk_smash,42,27,12,1450,0,744,4,True,True
2025-11-23,10025632,tom_cruise,5,15,0,18,0,95,104,True,True
2025-11-23,10037225,will_smith,0,37,10,42,0,453,349,True,True
2025-11-23,10049927,deadmau5,17,15,0,141,0,7,7,True,True
2025-11-23,10062595,ed_sheeran,1,5,0,27,0,64,138,True,True
2025-11-23,10074848,post_malone,0,78,21,83,0,25,0,True,True
2025-11-23,10087054,green_lantern,0,34,6,13,0,991,630,True,True
2025-11-23,10099405,phil_ivey,0,81,17,79,0,98,74,True,True
2025-11-22,10000226,lady_gaga,6,33,5,35,0,34,5,True,True
2025-11-16,10111244,thor_odinson,3,28,7,160,0,17,0,False,True
2025-11-16,10074848,post_malone,5,323,122,533,0,276,0,False,True
2025-11-16,10123804,denzel_washington,21,9,0,24,0,62,28,True,True
2025-11-16,10136311,scarlett_johansson,75,210,2,230,0,1978,1282,True,True
2025-11-16,10148318,phil_hellmuth,3,26,7,46,0,20,0,False,True
2025-11-23,10123804,denzel_washington,56,31,0,33,0,519,130,True,True
2025-11-23,10161445,the_weeknd,21,164,1,1044,0,2698,585,True,True
2025-11-23,10136311,scarlett_johansson,42,88,16,161,0,1149,155,True,True
2025-11-23,10173215,morgan_freeman,3,64,14,56,0,266,915,True,True
2025-11-02,10185305,justin_bieber,0,96,18,218,0,31,0,False,True
2025-11-02,10037225,will_smith,2,62,21,83,0,111,11,True,True
2025-11-02,10123804,denzel_washington,33,57,2,156,0,1089,194,True,True
2025-11-16,10000226,lady_gaga,41,280,60,3990,0,1605,0,False,True
2025-11-16,10087054,green_lantern,6,11,2,598,0,152,43,True,True
2025-11-16,10198461,tiesto_dj,88,272,3,704,0,2697,1117,True,True
2025-11-16,10210424,margot_robbie,13,36,8,64,0,527,1,True,True
2025-11-02,10223060,spider_man,0,12,1,27,0,4,0,False,True
2025-11-02,10234871,tom_hanks,0,13,2,13,0,3,0,False,True
2025-11-02,10247657,wolverine_x,36,136,27,3386,0,2068,82,True,True
2025-11-02,10259578,beyonce,1,40,5,73,0,31,0,False,True
2025-11-02,10272104,bruno_mars,8,24,0,20,0,0,0,False,True
2025-11-02,10284705,batman,2,4,0,123,0,0,0,False,True
2025-11-02,10297034,dua_lipa,0,42,8,76,0,13,0,False,True
2025-11-02,10309287,diplo_dj,5,14,2,22,0,83,11,True,True
2025-11-16,10321435,zedd_dj,1,29,5,31,0,8,5,True,True
2025-11-23,10234871,tom_hanks,2,12,0,13,0,183,24,True,True
2025-11-23,10334026,captain_america,1,33,14,107,0,148,81,True,True
2025-11-23,10148318,phil_hellmuth,0,50,19,50,0,138,100,True,True
2025-11-23,10346632,adele_singer,0,68,14,58,0,276,324,True,True
2025-11-23,10358683,vanessa_selbst,1,13,6,56,0,39,0,False,True
2025-11-16,10370767,rihanna,12,48,1,318,0,123,8,True,True
2025-11-16,10334026,captain_america,2,87,32,110,0,47,0,False,True
2025-11-16,10383674,doyle_brunson,5,21,4,38,0,8,0,True,True
2025-11-16,10247657,wolverine_x,9,58,4,1540,0,573,0,False,True
2025-11-16,10309287,diplo_dj,1,20,3,20,0,10,6,True,True
2025-11-16,10012636,hulk_smash,46,39,5,574,0,3346,165,True,True
2025-11-16,10346632,adele_singer,1,89,4,67,0,1693,730,True,True
2025-11-16,10037225,will_smith,4,25,11,284,0,315,2,True,True
2025-11-16,10395162,ariana_grande,0,1,0,0,0,199,47,True,True
2025-11-01,10012636,hulk_smash,1,2,1,2,0,1,0,False,True
2025-11-02,10000226,lady_gaga,6,83,34,2178,0,2106,0,False,True
2025-11-16,10408220,black_widow,7,0,0,0,0,0,0,True,True
2025-11-16,10161445,the_weeknd,5,39,11,787,0,1914,93,True,True
2025-11-16,10173215,morgan_freeman,0,20,5,18,0,153,150,True,True
2025-11-23,10420405,chris_moneymaker,26,122,23,796,0,344,0,False,True
2025-11-23,10432707,kygo_dj,2,63,13,62,0,165,87,True,True
2025-11-16,10444959,superman,1,7,1,31,0,1,0,False,True
2025-11-16,10457231,armin_vanbuuren,1,23,4,65,0,47,0,False,True
2025-11-16,10049927,deadmau5,1,3,1,13,0,4,0,False,True
2025-11-16,10234871,tom_hanks,0,36,5,160,0,26,0,False,False
2025-11-16,10185305,justin_bieber,0,38,10,38,0,10,0,False,False
2025-11-16,10469265,avicii,0,2,1,4,0,3,0,False,False
2025-11-16,10272104,bruno_mars,0,15,4,17,0,4,0,False,False
2025-11-16,10297034,dua_lipa,0,119,33,235,0,71,0,False,False
2025-11-16,10284705,batman,0,80,57,84,0,57,0,False,False
2025-11-16,10259578,beyonce,0,7,1,7,0,1,0,False,False
2025-11-02,10469265,avicii,0,21,6,33,0,11,0,False,True
2025-11-02,10482255,natalie_portman,0,89,23,103,0,24,0,False,True
2025-11-02,10383674,doyle_brunson,8,125,40,195,0,122,46,True,True
2025-11-02,10049927,deadmau5,22,55,7,25,0,367,98,True,True
2025-11-02,10444959,superman,0,2,0,2,0,0,0,False,True
2025-11-23,10494625,skrillex,3,2,0,0,0,183,0,True,True
2025-11-23,10383674,doyle_brunson,4,12,4,9,0,801,7,True,True
2025-11-23,10272104,bruno_mars,11,30,1,16,0,3,0,False,True
2025-11-23,10198461,tiesto_dj,1,12,3,20,0,3,0,True,True
2025-11-23,10444959,superman,5,13,0,0,0,365,21,True,True
2025-11-16,10506778,taylor_swift,0,60,18,68,0,23,0,False,False
2025-11-16,10432707,kygo_dj,0,85,44,112,0,65,0,False,False
2025-11-16,10519299,brad_pitt,0,10,1,14,0,1,0,False,False
2025-11-16,10531454,matt_damon,0,8,0,8,0,0,0,False,False
2025-11-16,10482255,natalie_portman,0,17,4,17,0,4,0,False,False
2025-11-16,10543595,keanu_reeves,0,6,0,6,0,0,0,False,False
2025-11-16,10555840,aquaman,0,30,9,31,0,9,0,False,False
2025-11-16,10568383,ryan_gosling,0,4,2,4,0,2,0,False,False
2025-11-16,10581004,black_panther,0,6,0,6,0,0,0,False,False
2025-11-02,10555840,aquaman,0,23,6,23,0,6,0,False,True
2025-11-02,10087054,green_lantern,16,30,8,539,0,120,0,False,True
2025-11-02,10592719,iron_man,6,10,2,2,0,1,0,False,True
2025-11-02,10074848,post_malone,0,62,23,68,0,27,0,False,True
2025-11-02,10568383,ryan_gosling,6,114,28,100,0,656,311,True,True
2025-11-02,10605311,samuel_jackson,0,12,0,12,0,0,0,False,True
2025-11-02,10432707,kygo_dj,0,78,13,89,0,17,0,False,True
2025-11-09,10198461,tiesto_dj,8,42,5,117,0,89,17,True,True
2025-11-23,10321435,zedd_dj,1,38,14,53,0,20,0,False,True
2025-11-23,10408220,black_widow,1,0,0,0,0,0,0,True,True
2025-11-23,10482255,natalie_portman,0,206,35,367,0,63,0,False,False
2025-11-22,10408220,black_widow,3,0,0,0,0,0,0,True,True
2025-11-15,10210424,margot_robbie,29,70,16,249,0,193,55,True,True
2025-10-27,10210424,margot_robbie,21,56,2,186,0,1913,185,True,True
2025-11-17,10136311,scarlett_johansson,62,94,5,110,0,2605,1863,True,True
2025-11-01,10210424,margot_robbie,3,8,1,67,0,15,0,False,True
2025-11-19,10234871,tom_hanks,7,45,14,36,0,248,20,True,True
2025-11-19,10198461,tiesto_dj,23,65,1,111,0,35,56,True,True
2025-11-02,10198461,tiesto_dj,0,0,0,0,0,0,0,False,True
2025-11-02,10334026,captain_america,10,16,8,106,0,1,0,False,True
2025-11-02,10617414,jennifer_lawrence,0,0,0,0,0,0,0,False,True
2025-11-02,10630362,calvin_harris,39,38,4,66,0,237,122,True,True
2025-11-23,10185305,justin_bieber,0,22,8,68,0,8,0,False,False
2025-11-23,10568383,ryan_gosling,0,14,3,22,0,4,0,False,False
2025-11-23,10297034,dua_lipa,0,5,3,12,0,10,0,False,False
2025-11-11,10099405,phil_ivey,0,6,3,6,0,4,0,False,True
2025-10-27,10099405,phil_ivey,0,6,1,6,0,1,0,False,True
2025-11-09,10592719,iron_man,0,2,0,2,0,0,0,False,True
2025-11-09,10012636,hulk_smash,26,14,0,4,0,883,66,True,True
2025-11-09,10123804,denzel_washington,57,55,0,181,0,2043,447,True,True
2025-11-09,10074848,post_malone,3,350,115,400,0,136,0,False,True
2025-11-09,10383674,doyle_brunson,48,415,106,582,0,184,0,True,True
2025-11-09,10346632,adele_singer,0,5,2,5,0,2,0,False,True
2025-11-09,10581004,black_panther,0,25,9,25,0,9,0,False,True
2025-11-02,10642627,erik_seidel,0,3,0,3,0,0,0,False,True
2025-11-02,10654552,johnny_depp,0,2,0,2,0,0,0,False,True
2025-11-02,10667459,robert_downey,0,18,7,19,0,8,0,False,True
2025-11-02,10111244,thor_odinson,1,58,13,559,0,452,0,False,True
2025-11-02,10210424,margot_robbie,16,32,4,30,0,1564,58,True,True
2025-11-02,10012636,hulk_smash,3,20,0,343,0,0,0,False,True
2025-11-02,10494625,skrillex,4,4,1,292,0,76,1,True,True
2025-11-02,10148318,phil_hellmuth,4,37,10,58,0,11,0,False,True
2025-11-23,10519299,brad_pitt,0,36,12,36,0,12,0,False,False
2025-11-23,10111244,thor_odinson,0,216,63,256,0,97,0,False,False
2025-11-23,10309287,diplo_dj,0,13,5,17,0,9,0,False,False
2025-10-27,10605311,samuel_jackson,0,19,0,19,0,0,0,False,True
2025-10-27,10482255,natalie_portman,0,21,10,21,0,10,0,False,True
2025-10-30,10667459,robert_downey,0,70,28,84,0,39,0,False,True
2025-11-02,10543595,keanu_reeves,0,16,0,29,0,0,0,False,True
2025-11-02,10358683,vanessa_selbst,0,12,10,28,0,26,0,False,True
2025-11-02,10457231,armin_vanbuuren,0,4,1,10,0,3,0,False,True
2025-11-13,10148318,phil_hellmuth,3,66,19,203,0,63,0,False,True
2025-11-23,10630362,calvin_harris,0,11,0,30,0,0,0,False,False
2025-11-23,10469265,avicii,0,10,4,10,0,4,0,False,False
2025-11-23,10617414,jennifer_lawrence,0,10,1,12,0,1,0,False,False
2025-11-23,10543595,keanu_reeves,0,51,7,85,0,7,0,False,False
2025-11-23,10395162,ariana_grande,0,1,0,1,0,0,0,False,False
2025-11-23,10581004,black_panther,0,12,0,12,0,0,0,False,False
2025-11-03,10198461,tiesto_dj,7,109,39,214,0,82,3,True,True
2025-11-04,10099405,phil_ivey,0,44,22,74,0,49,0,False,True
2025-10-30,10630362,calvin_harris,16,32,7,57,0,122,47,True,True
2025-11-02,10531454,matt_damon,1,0,0,0,0,0,0,True,True
2025-11-02,10679546,daniel_negreanu,0,8,2,8,0,2,0,False,True
2025-11-09,10482255,natalie_portman,0,11,1,12,0,1,0,False,True
2025-11-09,10161445,the_weeknd,9,25,8,99,0,140,11,True,True
2025-11-09,10457231,armin_vanbuuren,0,21,1,21,0,1,0,False,True
2025-11-09,10136311,scarlett_johansson,30,52,4,368,0,153,25,True,True
2025-11-09,10297034,dua_lipa,1,118,27,174,0,37,0,False,True
2025-11-09,10531454,matt_damon,45,60,6,52,0,850,233,True,True
2025-11-09,10543595,keanu_reeves,0,9,0,8,0,3,1,True,True
2025-11-05,10457231,armin_vanbuuren,10,11,6,135,0,118,0,False,True
2025-11-11,10185305,justin_bieber,1,32,9,35,0,9,0,False,True
2025-11-08,10161445,the_weeknd,53,181,22,1197,0,2540,529,True,True
2025-11-04,10173215,morgan_freeman,1,126,39,136,0,48,0,False,True
2025-11-05,10642627,erik_seidel,0,0,0,0,0,0,0,False,True
2025-11-11,10457231,armin_vanbuuren,9,41,16,149,0,123,0,False,True
2025-11-17,10173215,morgan_freeman,7,46,7,30,0,365,258,True,True
2025-11-04,10605311,samuel_jackson,0,6,0,6,0,0,0,False,True
2025-11-04,10198461,tiesto_dj,0,4,1,4,0,1,0,False,True
2025-11-04,10617414,jennifer_lawrence,7,89,23,185,0,361,263,True,True
2025-11-09,10000226,lady_gaga,23,109,29,4420,0,3876,0,False,True
2025-11-09,10037225,will_smith,1,200,61,339,0,148,0,False,True
2025-11-09,10334026,captain_america,8,86,8,630,0,2069,1017,True,True
2025-11-09,10519299,brad_pitt,0,63,22,77,0,22,0,False,True
2025-11-08,10012636,hulk_smash,44,122,24,4587,0,1860,71,True,True
2025-11-08,10346632,adele_singer,0,2,0,0,0,83,36,True,True
2025-11-08,10000226,lady_gaga,16,58,36,1816,0,1198,0,False,True
2025-11-19,10000226,lady_gaga,39,119,36,108,0,558,990,True,True
2025-11-19,10037225,will_smith,13,118,41,335,0,74,0,False,True
2025-11-20,10482255,natalie_portman,4,137,36,184,0,58,0,False,True
2025-11-18,10408220,black_widow,8,6,0,0,0,316,2,True,True
2025-11-09,10259578,beyonce,0,75,16,248,0,40,0,False,True
2025-11-09,10469265,avicii,1,6,1,52,0,1,0,False,True
2025-11-09,10642627,erik_seidel,2,41,11,107,0,38,0,False,True
2025-11-09,10234871,tom_hanks,1,48,9,74,0,13,0,False,True
2025-11-09,10185305,justin_bieber,0,69,12,118,0,28,0,False,True
2025-11-09,10691543,marshmello_dj,2,3,0,3,0,0,0,False,True
2025-11-09,10605311,samuel_jackson,0,2,0,2,0,0,0,False,True
2025-11-03,10297034,dua_lipa,6,90,29,177,0,49,0,False,True
2025-11-13,10074848,post_malone,1,142,100,221,0,211,0,False,True
2025-11-11,10161445,the_weeknd,25,134,13,1148,0,480,112,True,True
2025-11-19,10210424,margot_robbie,8,19,0,76,0,308,90,True,True
2025-10-30,10704416,wonder_woman,0,3,1,14,0,6,0,False,True
2025-11-17,10334026,captain_america,4,268,152,358,0,471,97,True,True
2025-11-20,10247657,wolverine_x,1,25,2,101,0,29,28,True,True
2025-11-18,10074848,post_malone,1,187,53,236,0,82,6,True,True
2025-10-30,10148318,phil_hellmuth,0,22,6,50,0,12,0,False,True
2025-11-09,10321435,zedd_dj,0,40,5,68,0,8,0,False,True
2025-11-09,10247657,wolverine_x,18,47,0,24,0,988,481,True,True
2025-11-22,10111244,thor_odinson,0,180,44,264,0,69,0,False,False
2025-11-06,10346632,adele_singer,0,0,0,0,0,0,0,False,True
2025-11-06,10272104,bruno_mars,0,5,0,5,0,0,0,False,True
2025-10-27,10432707,kygo_dj,10,38,15,343,0,127,0,False,True
2025-10-30,10519299,brad_pitt,0,14,6,14,0,6,0,False,True
2025-10-27,10555840,aquaman,0,12,5,14,0,7,0,False,True
2025-11-15,10383674,doyle_brunson,15,130,42,210,0,118,7,True,True
2025-11-06,10482255,natalie_portman,0,8,1,8,0,1,0,False,True
2025-10-27,10506778,taylor_swift,0,232,68,354,0,125,0,False,True
2025-11-03,10049927,deadmau5,4,25,2,15,0,106,25,True,True
2025-11-19,10247657,wolverine_x,9,82,4,314,0,109,66,True,True
2025-10-27,10247657,wolverine_x,16,42,2,12,0,254,98,True,True
2025-11-09,10506778,taylor_swift,0,0,0,0,0,0,0,False,True
2025-11-09,10111244,thor_odinson,0,19,3,19,0,3,0,False,True
2025-11-09,10432707,kygo_dj,3,23,5,52,0,120,2,True,True
2025-11-09,10568383,ryan_gosling,3,19,0,34,0,1173,16,True,True
2025-11-09,10309287,diplo_dj,9,46,4,81,0,80,46,True,True
2025-11-09,10272104,bruno_mars,0,9,0,9,0,0,0,False,True
2025-11-09,10062595,ed_sheeran,0,1,0,1,0,0,0,False,True
2025-11-20,10012636,hulk_smash,20,21,2,44,0,50,17,True,True
2025-11-11,10630362,calvin_harris,0,56,9,123,0,15,0,False,True
2025-10-27,10531454,matt_damon,2,0,0,0,0,0,0,True,True
2025-10-27,10297034,dua_lipa,0,4,1,9,0,1,0,False,True
2025-11-03,10259578,beyonce,1,71,3,261,0,78,0,False,True
2025-11-03,10173215,morgan_freeman,0,1,0,6,0,0,0,False,True
2025-10-30,10642627,erik_seidel,0,0,0,0,0,0,0,False,True
2025-10-30,10012636,hulk_smash,1,12,0,5,0,72,50,True,True
2025-10-30,10592719,iron_man,1,14,10,14,0,10,0,False,True
2025-10-30,10309287,diplo_dj,9,52,1,145,0,455,79,True,True
2025-10-30,10691543,marshmello_dj,29,60,17,419,0,259,0,False,True
2025-10-30,10469265,avicii,0,67,31,127,0,58,0,False,True
2025-11-04,10358683,vanessa_selbst,0,37,21,46,0,38,0,False,True
2025-11-19,10123804,denzel_washington,28,29,0,8,0,557,294,True,True
2025-10-30,10506778,taylor_swift,0,0,0,0,0,0,0,False,True
2025-10-30,10383674,doyle_brunson,28,171,41,296,0,179,57,True,True
2025-10-30,10099405,phil_ivey,0,1,0,1,0,0,0,False,True
2025-11-03,10605311,samuel_jackson,0,0,0,0,0,0,0,False,True
2025-11-13,10000226,lady_gaga,2,27,10,139,0,124,0,False,True
2025-11-18,10173215,morgan_freeman,1,82,7,48,0,365,515,True,True
2025-11-18,10383674,doyle_brunson,38,156,21,261,0,71,4,True,True
2025-11-18,10334026,captain_america,2,419,222,564,0,1145,407,True,True
2025-11-08,10049927,deadmau5,1,21,6,30,0,12,0,False,True
2025-10-30,10617414,jennifer_lawrence,0,5,0,5,0,0,0,False,True
2025-11-03,10482255,natalie_portman,0,17,1,28,0,1,0,False,True
2025-11-19,10420405,chris_moneymaker,13,191,16,422,0,16,0,False,True
2025-11-09,10087054,green_lantern,0,0,0,0,0,0,0,False,True
2025-11-06,10321435,zedd_dj,3,63,8,56,0,154,7,True,True
2025-11-20,10420405,chris_moneymaker,12,121,19,630,0,182,0,False,True
2025-11-08,10383674,doyle_brunson,5,7,0,10,0,0,0,True,True
2025-11-17,10198461,tiesto_dj,18,192,97,230,0,2115,114,True,True
2025-11-17,10247657,wolverine_x,8,30,4,337,0,212,34,True,True
2025-10-30,10173215,morgan_freeman,0,3,2,3,0,2,0,False,True
2025-11-20,10173215,morgan_freeman,1,18,4,6,0,318,245,True,True
2025-11-09,10049927,deadmau5,0,0,0,0,0,0,0,False,True
2025-11-09,10494625,skrillex,1,0,0,0,0,0,0,True,True
2025-11-09,10444959,superman,0,0,0,0,0,0,0,False,True
2025-11-21,10000226,lady_gaga,15,84,19,112,0,297,151,True,True
2025-11-09,10654552,johnny_depp,0,1,0,1,0,0,0,False,True
2025-10-30,10272104,bruno_mars,2,17,0,24,0,0,0,False,True
2025-11-03,10037225,will_smith,3,73,31,183,0,113,0,True,True
2025-10-30,10297034,dua_lipa,10,141,28,210,0,36,0,False,True
2025-11-08,10210424,margot_robbie,0,1,0,1,0,0,0,False,True
2025-11-03,10506778,taylor_swift,0,20,6,25,0,11,0,False,True
2025-11-18,10198461,tiesto_dj,19,58,1,151,0,1182,369,True,True
2025-11-04,10297034,dua_lipa,1,116,26,140,0,33,0,False,True
2025-11-20,10234871,tom_hanks,5,49,18,153,0,55,0,False,True
2025-10-27,10469265,avicii,3,74,29,112,0,65,0,False,True
2025-10-30,10037225,will_smith,8,141,34,344,0,101,0,False,True
2025-10-30,10247657,wolverine_x,19,22,0,10,0,835,67,True,True
2025-10-30,10432707,kygo_dj,10,97,22,155,0,30,0,False,True
2025-11-12,10000226,lady_gaga,46,354,124,4227,0,2910,0,False,True
2025-11-05,10346632,adele_singer,0,8,1,6,0,10,4,True,True
2025-11-04,10679546,daniel_negreanu,1,75,15,75,0,16,0,True,True
2025-11-11,10049927,deadmau5,7,146,30,164,0,232,203,True,True
2025-11-11,10395162,ariana_grande,0,4,0,4,0,0,0,False,True
2025-11-05,10297034,dua_lipa,1,23,3,43,0,3,0,False,True
2025-11-05,10334026,captain_america,1,35,7,49,0,8,0,False,True
2025-11-04,10592719,iron_man,1,19,3,14,0,3,0,False,True
2025-11-05,10136311,scarlett_johansson,5,18,4,148,0,71,0,True,True
2025-11-03,10519299,brad_pitt,0,2,0,2,0,0,0,False,True
2025-11-03,10383674,doyle_brunson,29,221,24,624,0,994,209,True,True
2025-11-11,10297034,dua_lipa,1,124,39,189,0,61,0,False,True
2025-11-14,10210424,margot_robbie,3,8,3,19,0,6,0,False,True
2025-11-03,10592719,iron_man,8,43,10,37,0,11,0,False,True
2025-11-18,10432707,kygo_dj,2,20,2,204,0,28,195,True,True
2025-11-18,10247657,wolverine_x,7,312,23,1720,0,308,0,False,True
2025-11-20,10543595,keanu_reeves,0,54,8,105,0,30,16,True,True
2025-11-10,10074848,post_malone,4,411,124,452,0,139,0,False,True
2025-10-30,10074848,post_malone,0,173,59,211,0,92,0,False,True
2025-10-30,10185305,justin_bieber,4,127,30,151,0,30,0,False,True
2025-10-30,10568383,ryan_gosling,0,30,12,33,0,18,0,False,True
2025-11-13,10383674,doyle_brunson,15,103,24,136,0,212,5,True,True
2025-11-13,10136311,scarlett_johansson,46,112,1,163,0,2100,898,True,True
2025-10-29,10605311,samuel_jackson,0,0,0,0,0,0,0,False,True
2025-10-29,10309287,diplo_dj,14,61,3,155,0,1444,317,True,True
2025-11-10,10297034,dua_lipa,0,106,19,147,0,39,0,False,True
2025-11-19,10457231,armin_vanbuuren,0,38,5,32,0,162,71,True,True
2025-11-19,10297034,dua_lipa,1,95,38,127,0,51,0,False,True
2025-10-28,10049927,deadmau5,36,210,30,163,0,2013,520,True,True
2025-11-06,10234871,tom_hanks,0,17,0,26,0,0,0,False,True
2025-11-04,10630362,calvin_harris,0,76,17,92,0,27,0,False,True
2025-11-20,10346632,adele_singer,2,54,2,30,0,925,712,True,True
2025-11-20,10000226,lady_gaga,22,69,7,88,0,361,191,True,True
2025-11-05,10234871,tom_hanks,2,74,20,216,0,42,0,False,True
2025-11-20,10037225,will_smith,4,112,54,234,0,177,7,True,True
2025-11-10,10198461,tiesto_dj,34,149,1,213,0,1786,1665,True,True
2025-11-17,10543595,keanu_reeves,1,18,2,22,0,3,0,False,True
2025-11-17,10111244,thor_odinson,2,9,0,473,0,0,0,False,True
2025-11-04,10519299,brad_pitt,0,38,14,47,0,14,0,False,True
2025-11-05,10432707,kygo_dj,0,145,41,160,0,117,91,True,True
2025-11-03,10148318,phil_hellmuth,0,25,10,40,0,12,0,False,True
2025-11-03,10185305,justin_bieber,0,46,7,103,0,15,0,False,True
2025-11-06,10617414,jennifer_lawrence,8,71,5,257,0,64,1,True,True
2025-11-06,10037225,will_smith,2,237,80,501,0,169,0,False,True
2025-11-17,10049927,deadmau5,7,82,16,87,0,167,29,True,True
2025-11-03,10531454,matt_damon,31,83,1,46,0,3873,333,True,True
2025-11-07,10346632,adele_singer,0,49,2,30,0,1419,1383,True,True
2025-11-06,10025632,tom_cruise,1,0,0,0,0,0,0,True,True
2025-10-28,10383674,doyle_brunson,10,50,21,65,0,317,0,True,True
2025-10-28,10037225,will_smith,1,30,13,43,0,21,0,False,True
2025-10-30,10482255,natalie_portman,0,33,7,55,0,8,0,False,True
2025-11-03,10334026,captain_america,1,1,1,19,0,0,0,False,True
2025-11-03,10161445,the_weeknd,1,23,1,127,0,4,0,False,True
2025-10-28,10247657,wolverine_x,20,36,0,25,0,1588,176,True,True
2025-11-20,10123804,denzel_washington,84,103,0,84,0,3676,2573,True,True
2025-11-03,10234871,tom_hanks,0,5,2,3,0,20,6,True,True
2025-11-03,10247657,wolverine_x,24,99,21,1338,0,2418,597,True,True
2025-11-13,10272104,bruno_mars,10,58,9,213,0,575,32,True,True
2025-11-13,10543595,keanu_reeves,0,78,6,174,0,85,126,True,True
2025-11-06,10136311,scarlett_johansson,8,12,1,63,0,1,0,True,True
2025-11-18,10000226,lady_gaga,23,71,8,68,0,116,54,True,True
2025-11-18,10469265,avicii,3,13,1,65,0,1,0,False,True
2025-11-17,10074848,post_malone,31,217,78,402,0,104,0,True,True
2025-11-17,10210424,margot_robbie,22,26,4,75,0,399,56,True,True
2025-11-17,10234871,tom_hanks,1,42,11,49,0,14,0,False,True
2025-11-17,10457231,armin_vanbuuren,5,33,7,24,0,139,43,True,True
2025-11-05,10173215,morgan_freeman,1,63,17,66,0,23,607,True,True
2025-11-05,10482255,natalie_portman,0,36,2,42,0,2,0,False,True
2025-11-05,10049927,deadmau5,0,12,2,12,0,2,0,False,True
2025-11-03,10667459,robert_downey,0,8,3,8,0,3,0,False,True
2025-11-17,10346632,adele_singer,3,50,15,123,0,190,215,True,True
2025-11-04,10506778,taylor_swift,0,24,6,37,0,19,0,False,True
2025-11-20,10049927,deadmau5,11,15,4,5,0,55,29,True,True
2025-10-29,10049927,deadmau5,31,116,12,82,0,855,505,True,True
2025-11-06,10457231,armin_vanbuuren,7,28,10,118,0,76,0,False,True
2025-11-03,10581004,black_panther,4,23,5,62,0,10,0,False,True
2025-11-19,10531454,matt_damon,1,0,0,0,0,0,0,True,True
2025-11-03,10432707,kygo_dj,0,54,8,63,0,8,0,False,True
2025-11-11,10432707,kygo_dj,4,58,14,166,0,27,0,False,True
2025-11-05,10210424,margot_robbie,10,14,0,4,0,65,36,True,True
2025-11-17,10161445,the_weeknd,11,66,6,488,0,1185,19,True,True
2025-11-17,10383674,doyle_brunson,6,23,3,38,0,8,10,True,True
2025-10-31,10210424,margot_robbie,12,17,0,5,0,2214,81,True,True
2025-10-27,10000226,lady_gaga,17,33,19,3500,0,2390,0,False,True
2025-10-27,10457231,armin_vanbuuren,7,66,30,207,0,98,0,False,True
2025-11-18,10297034,dua_lipa,1,45,13,53,0,14,0,False,True
2025-11-03,10444959,superman,0,2,0,2,0,0,0,False,True
2025-10-28,10234871,tom_hanks,1,5,2,6,0,4,0,False,True
2025-10-28,10506778,taylor_swift,0,68,18,139,0,40,0,False,True
2025-11-12,10370767,rihanna,19,68,2,664,0,4,0,False,True
2025-11-12,10049927,deadmau5,5,43,23,168,0,190,42,True,True
2025-10-29,10482255,natalie_portman,0,8,1,8,0,1,0,False,True
2025-10-30,10457231,armin_vanbuuren,0,2,0,2,0,0,0,False,True
2025-10-30,10334026,captain_america,1,21,9,30,0,18,0,False,True
2025-11-03,10000226,lady_gaga,13,39,30,2958,0,2238,0,False,True
2025-11-10,10272104,bruno_mars,10,79,16,167,0,48,0,True,True
2025-10-27,10358683,vanessa_selbst,0,6,3,19,0,16,0,False,True
2025-10-30,10234871,tom_hanks,4,19,5,34,0,6,0,False,True
2025-11-03,10074848,post_malone,1,54,16,64,0,50,23,False,True
2025-10-27,10161445,the_weeknd,8,14,0,0,0,288,240,True,True
2025-11-05,10000226,lady_gaga,15,26,17,7153,0,7146,0,False,True
2025-11-19,10136311,scarlett_johansson,56,93,5,98,0,1042,156,True,True
2025-11-03,10691543,marshmello_dj,33,38,14,880,0,558,0,False,True
2025-11-03,10321435,zedd_dj,0,2,0,2,0,0,0,False,True
2025-11-03,10457231,armin_vanbuuren,2,8,2,11,0,2,0,False,True
2025-10-28,10519299,brad_pitt,0,58,12,76,0,18,0,False,True
2025-11-05,10247657,wolverine_x,18,31,0,18,0,218,228,True,True
2025-11-05,10519299,brad_pitt,0,0,0,0,0,0,0,False,True
2025-11-13,10494625,skrillex,8,19,0,6,0,901,189,True,True
2025-10-28,10173215,morgan_freeman,3,70,6,71,0,6,0,False,True
2025-10-28,10457231,armin_vanbuuren,12,16,8,149,0,76,0,False,True
2025-10-28,10691543,marshmello_dj,6,15,3,43,0,12,0,False,True
2025-11-11,10272104,bruno_mars,0,14,0,14,0,0,0,False,True
2025-11-03,10272104,bruno_mars,0,3,0,3,0,0,0,False,True
2025-11-12,10136311,scarlett_johansson,36,68,7,73,0,642,190,True,True
2025-11-04,10000226,lady_gaga,34,87,39,7213,0,5262,0,False,True
2025-10-28,10297034,dua_lipa,0,42,7,54,0,12,0,False,True
2025-11-13,10531454,matt_damon,11,34,2,13,0,1120,231,True,True
2025-11-10,10161445,the_weeknd,22,107,6,549,0,7256,365,True,True
2025-11-10,10321435,zedd_dj,2,22,3,25,0,13,7,True,True
2025-11-17,10000226,lady_gaga,5,80,27,314,0,92,0,False,True
2025-11-03,10099405,phil_ivey,0,11,0,11,0,0,0,False,True
2025-11-03,10630362,calvin_harris,0,6,1,6,0,1,0,False,True
2025-11-03,10136311,scarlett_johansson,7,9,0,15,0,0,0,True,True
2025-11-17,10482255,natalie_portman,4,56,18,65,0,20,0,False,True
2025-11-21,10383674,doyle_brunson,27,15,0,22,0,11,6,True,True
2025-11-19,10321435,zedd_dj,7,15,0,9,0,512,1,True,True
2025-11-19,10555840,aquaman,2,38,10,112,0,47,0,False,True
2025-11-06,10297034,dua_lipa,17,142,52,313,0,103,0,False,True
2025-11-20,10432707,kygo_dj,7,48,8,55,0,8,0,True,True
2025-10-28,10025632,tom_cruise,8,42,1,19,0,1205,90,True,True
2025-10-28,10531454,matt_damon,1,2,0,2,0,0,0,True,True
2025-11-11,10482255,natalie_portman,0,60,15,84,0,15,0,False,True
2025-11-07,10012636,hulk_smash,38,35,1,177,0,764,96,True,True
2025-11-10,10630362,calvin_harris,0,30,7,111,0,30,0,False,True
2025-11-10,10259578,beyonce,0,37,10,60,0,21,0,False,True
2025-10-27,10111244,thor_odinson,3,44,6,213,0,45,0,False,True
2025-11-12,10432707,kygo_dj,3,166,45,466,0,93,0,False,True
2025-11-04,10185305,justin_bieber,1,58,5,93,0,5,0,False,True
2025-11-13,10297034,dua_lipa,1,42,10,75,0,22,0,False,True
2025-11-03,10543595,keanu_reeves,0,3,0,1,0,2,4,True,True
2025-11-03,10309287,diplo_dj,2,3,1,20,0,11,0,True,True
2025-11-03,10210424,margot_robbie,27,56,1,169,0,2297,122,True,True
2025-11-04,10234871,tom_hanks,0,1,0,1,0,0,0,False,True
2025-11-05,10259578,beyonce,0,117,14,207,0,17,0,False,True
2025-11-05,10198461,tiesto_dj,0,0,0,0,0,0,0,False,True
2025-11-04,10482255,natalie_portman,0,3,0,3,0,0,0,False,True
2025-11-04,10494625,skrillex,1,1,0,0,0,80,44,True,True
2025-11-04,10469265,avicii,0,14,8,47,0,12,0,False,True
2025-11-04,10555840,aquaman,2,120,22,413,0,234,0,False,True
2025-11-20,10161445,the_weeknd,37,365,25,3478,0,803,0,True,True
2025-11-05,10074848,post_malone,7,58,14,70,0,290,4,True,True
2025-11-03,10716815,david_guetta,3,3,0,0,0,235,64,True,True
2025-11-04,10444959,superman,0,4,0,4,0,0,0,False,True
2025-11-04,10432707,kygo_dj,0,203,52,240,0,73,0,False,True
2025-11-04,10334026,captain_america,14,78,13,381,0,9,0,False,True
2025-11-04,10087054,green_lantern,6,9,2,53,0,29,0,False,True
2025-11-03,10555840,aquaman,0,0,0,0,0,0,0,False,True
2025-11-04,10037225,will_smith,1,15,6,27,0,19,0,False,True
2025-11-17,10012636,hulk_smash,26,39,8,1243,0,1951,0,True,True
2025-11-11,10346632,adele_singer,1,18,3,9,0,435,305,True,True
2025-11-05,10679546,daniel_negreanu,5,27,1,15,0,136,122,True,True
2025-11-05,10543595,keanu_reeves,0,10,2,12,0,2,0,False,True
2025-11-19,10346632,adele_singer,1,59,5,28,0,1165,893,True,True
2025-11-17,10087054,green_lantern,1,12,2,122,0,2,0,False,True
2025-11-05,10037225,will_smith,6,91,25,226,0,79,0,False,True
2025-11-17,10716815,david_guetta,1,3,0,53,0,0,0,False,True
2025-11-13,10049927,deadmau5,13,92,23,418,0,28,6,True,True
2025-10-28,10592719,iron_man,5,18,1,9,0,0,0,True,True
2025-10-30,10284705,batman,0,0,0,0,0,0,0,False,True
2025-11-03,10654552,johnny_depp,0,0,0,0,0,0,0,False,True
2025-11-19,10482255,natalie_portman,8,82,25,139,0,45,0,False,True
2025-10-27,10728580,leo_dicaprio,5,5,0,1,0,22,4,True,True
2025-11-03,10123804,denzel_washington,1,0,0,0,0,0,0,True,True
2025-11-06,10087054,green_lantern,19,51,3,749,0,92,1,True,True
2025-10-30,10444959,superman,0,4,1,4,0,1,0,False,True
2025-11-07,10432707,kygo_dj,0,0,0,0,0,0,0,False,True
2025-11-06,10309287,diplo_dj,3,6,3,7,0,5,3,True,True
2025-11-17,10037225,will_smith,1,22,8,27,0,11,0,False,True
2025-11-04,10111244,thor_odinson,3,6,3,107,0,102,0,False,True
2025-10-29,10667459,robert_downey,0,22,1,22,0,1,0,False,True
2025-11-05,10383674,doyle_brunson,0,13,3,13,0,3,0,False,True
2025-11-17,10123804,denzel_washington,8,6,0,24,0,0,0,True,True
2025-11-04,10457231,armin_vanbuuren,7,20,5,262,0,161,0,False,True
2025-11-04,10272104,bruno_mars,3,13,2,13,0,2,0,True,True
2025-10-29,10173215,morgan_freeman,0,52,25,63,0,29,0,False,True
2025-10-29,10025632,tom_cruise,0,1,0,1,0,0,0,False,True
2025-11-10,10000226,lady_gaga,35,183,52,6466,0,4089,0,False,True
2025-11-05,10630362,calvin_harris,5,53,3,92,0,3,0,False,True
2025-10-28,10605311,samuel_jackson,0,26,2,26,0,2,0,False,True
2025-11-17,10321435,zedd_dj,3,10,0,0,0,138,154,True,True
2025-11-17,10062595,ed_sheeran,7,10,0,246,0,79,0,True,True
2025-11-05,10592719,iron_man,1,29,20,41,0,32,0,False,True
2025-11-05,10272104,bruno_mars,0,12,0,29,0,0,0,False,True
2025-11-04,10259578,beyonce,0,45,4,77,0,7,0,False,True
2025-11-04,10161445,the_weeknd,8,84,9,222,0,8306,25,True,True
2025-11-05,10148318,phil_hellmuth,0,40,17,50,0,20,0,False,True
2025-11-05,10111244,thor_odinson,2,40,9,163,0,23,0,False,True
2025-11-05,10531454,matt_damon,72,145,5,137,0,2062,818,True,True
2025-11-10,10432707,kygo_dj,8,141,37,438,0,106,0,False,True
2025-11-20,10334026,captain_america,1,87,19,153,0,251,156,True,True
2025-11-20,10457231,armin_vanbuuren,2,26,1,10,0,848,531,True,True
2025-11-04,10049927,deadmau5,1,31,8,26,0,430,10,True,True
2025-10-29,10000226,lady_gaga,0,22,6,56,0,13,0,False,True
2025-11-12,10346632,adele_singer,3,10,0,76,0,113,53,True,True
2025-11-12,10309287,diplo_dj,6,28,0,86,0,411,35,True,True
2025-11-12,10519299,brad_pitt,0,39,16,39,0,16,0,False,True
2025-11-14,10136311,scarlett_johansson,1,0,0,0,0,0,0,True,True
2025-11-19,10087054,green_lantern,1,9,0,133,0,396,179,True,True
2025-11-19,10543595,keanu_reeves,1,12,1,340,0,318,0,False,True
2025-11-18,10111244,thor_odinson,0,20,3,20,0,3,0,False,True
2025-11-05,10161445,the_weeknd,0,3,2,3,0,0,0,True,True
2025-11-04,10284705,batman,0,32,10,61,0,15,0,False,True
2025-11-04,10074848,post_malone,19,84,16,334,0,262,65,True,True
2025-11-04,10691543,marshmello_dj,27,37,13,1006,0,577,0,False,True
2025-11-11,10383674,doyle_brunson,51,169,51,278,0,161,26,True,True
2025-11-11,10037225,will_smith,21,139,38,575,0,69,0,True,True
2025-11-11,10074848,post_malone,0,471,179,597,0,385,56,True,True
2025-10-30,10321435,zedd_dj,0,0,0,0,0,0,0,False,True
2025-10-27,10074848,post_malone,11,32,8,73,0,20,0,False,True
2025-10-27,10234871,tom_hanks,3,39,15,170,0,118,1,True,True
2025-10-28,10087054,green_lantern,7,57,13,292,0,100,0,False,True
2025-11-13,10198461,tiesto_dj,25,75,0,65,0,800,366,True,True
2025-10-27,10272104,bruno_mars,5,21,1,19,0,60,0,True,True
2025-10-27,10087054,green_lantern,6,50,7,396,0,47,21,True,True
2025-10-27,10049927,deadmau5,23,119,21,74,0,1389,1030,True,True
2025-11-04,10025632,tom_cruise,4,12,0,0,0,2655,29,True,True
2025-11-05,10704416,wonder_woman,0,16,0,16,0,0,0,False,True
2025-11-05,10321435,zedd_dj,0,4,1,4,0,1,0,False,True
2025-11-05,10617414,jennifer_lawrence,1,46,7,92,0,10,0,False,True
2025-11-04,10136311,scarlett_johansson,3,8,1,8,0,0,0,True,True
2025-11-04,10247657,wolverine_x,27,80,2,697,0,1176,599,True,True
2025-11-04,10728580,leo_dicaprio,0,16,0,16,0,0,0,False,True
2025-11-05,10062595,ed_sheeran,0,2,1,2,0,1,0,False,True
2025-11-05,10581004,black_panther,0,3,0,3,0,0,0,False,True
2025-11-05,10284705,batman,2,12,6,15,0,7,1,True,True
2025-11-18,10309287,diplo_dj,3,155,43,457,0,272,0,True,True
2025-10-27,10198461,tiesto_dj,47,143,5,212,0,1210,735,True,True
2025-11-11,10543595,keanu_reeves,3,63,8,104,0,331,803,True,True
2025-11-05,10728580,leo_dicaprio,9,7,0,1,0,998,0,True,True
2025-11-20,10136311,scarlett_johansson,8,17,4,21,0,11,63,True,True
2025-10-28,10074848,post_malone,1,104,40,133,0,147,49,False,True
2025-11-10,10543595,keanu_reeves,0,26,2,40,0,4,0,False,True
2025-11-10,10099405,phil_ivey,0,42,2,42,0,2,0,False,True
2025-11-11,10642627,erik_seidel,2,2,1,46,0,25,0,False,True
2025-11-04,10543595,keanu_reeves,0,3,0,0,0,53,11,True,True
2025-11-05,10185305,justin_bieber,0,13,4,16,0,4,0,False,True
2025-11-05,10123804,denzel_washington,40,111,0,611,0,1809,86,True,True
2025-11-04,10321435,zedd_dj,0,11,1,11,0,1,0,False,True
2025-11-18,10444959,superman,1,54,1,11,0,503,344,True,True
2025-11-04,10148318,phil_hellmuth,0,21,3,32,0,4,0,False,True
2025-10-27,10494625,skrillex,12,6,0,0,0,304,50,True,True
2025-10-27,10383674,doyle_brunson,40,119,27,129,0,755,93,True,True
2025-11-10,10679546,daniel_negreanu,10,127,33,117,0,611,312,True,True
2025-11-10,10173215,morgan_freeman,0,4,0,8,0,0,0,False,True
2025-11-19,10309287,diplo_dj,4,7,1,71,0,3,0,True,True
2025-11-05,10309287,diplo_dj,51,94,35,440,0,764,500,True,True
2025-11-05,10691543,marshmello_dj,3,3,0,11,0,0,0,False,True
2025-11-05,10605311,samuel_jackson,0,0,0,0,0,0,0,False,True
2025-11-06,10568383,ryan_gosling,6,79,8,76,0,82,5,True,True
2025-11-06,10259578,beyonce,0,48,15,54,0,21,0,False,True
2025-11-20,10087054,green_lantern,2,33,2,211,0,881,417,True,True
2025-11-18,10543595,keanu_reeves,4,81,12,237,0,109,12,False,True
2025-11-04,10642627,erik_seidel,0,7,5,7,0,5,0,False,True
2025-11-04,10370767,rihanna,5,10,1,68,0,9,0,True,True
2025-11-19,10383674,doyle_brunson,1,2,0,2,0,0,0,True,True
2025-11-10,10555840,aquaman,0,31,10,55,0,24,0,False,True
2025-11-10,10334026,captain_america,0,87,20,99,0,70,25,True,True
2025-10-30,10358683,vanessa_selbst,8,8,6,20,0,0,0,False,True
2025-11-04,10667459,robert_downey,0,13,3,13,0,4,0,False,True
2025-11-04,10309287,diplo_dj,2,5,1,4,0,5,5,True,True
2025-11-12,10297034,dua_lipa,3,62,15,107,0,22,0,False,True
2025-11-19,10432707,kygo_dj,5,62,16,85,0,16,0,False,True
2025-11-13,10370767,rihanna,12,47,0,316,0,39,4,True,True
2025-10-29,10185305,justin_bieber,0,150,24,245,0,25,0,False,True
2025-10-29,10592719,iron_man,8,14,1,8,0,5,9,True,True
2025-11-17,10148318,phil_hellmuth,0,55,17,60,0,27,0,False,False
2025-11-17,10581004,black_panther,0,24,7,25,0,7,0,False,False
2025-11-20,10383674,doyle_brunson,27,66,8,98,0,6109,322,True,True
2025-11-17,10272104,bruno_mars,0,2,0,2,0,0,0,False,False
2025-11-17,10654552,johnny_depp,0,1,0,6,0,0,0,False,False
2025-11-18,10346632,adele_singer,0,29,4,16,0,660,806,True,True
2025-11-10,10506778,taylor_swift,0,43,10,49,0,16,0,False,True
2025-11-10,10346632,adele_singer,2,4,1,58,0,85,13,True,True
2025-11-20,10025632,tom_cruise,10,23,0,45,0,413,19,True,True
2025-10-27,10543595,keanu_reeves,0,21,2,11,0,671,121,True,True
2025-11-04,10383674,doyle_brunson,14,34,0,70,0,1055,211,True,True
2025-11-10,10370767,rihanna,28,126,9,699,0,268,190,True,True
2025-11-17,10444959,superman,0,19,1,33,0,1,0,False,False
2025-11-19,10370767,rihanna,2,2,0,5,0,0,0,False,True
2025-10-29,10161445,the_weeknd,1,5,0,3,0,59,7,True,True
2025-11-04,10123804,denzel_washington,1,17,0,89,0,1487,0,True,True
2025-11-05,10012636,hulk_smash,2,2,0,51,0,0,0,True,True
2025-11-04,10210424,margot_robbie,18,25,0,9,0,1391,113,True,True
2025-10-30,10654552,johnny_depp,1,3,1,4,0,5,3,False,True
2025-10-27,10444959,superman,0,42,5,42,0,5,0,False,True
2025-10-27,10334026,captain_america,1,20,5,28,0,9,0,False,True
2025-10-27,10173215,morgan_freeman,0,77,9,77,0,9,0,False,True
2025-10-27,10012636,hulk_smash,3,53,10,138,0,1775,754,True,True
2025-11-13,10457231,armin_vanbuuren,4,7,1,66,0,34,0,False,True
2025-11-06,10334026,captain_america,3,71,26,167,0,30,0,False,True
2025-11-06,10074848,post_malone,2,145,65,169,0,105,0,False,True
2025-11-06,10654552,johnny_depp,0,1,0,1,0,0,0,False,True
2025-11-06,10173215,morgan_freeman,0,92,29,108,0,39,0,False,True
2025-10-30,10087054,green_lantern,4,7,3,45,0,9,0,False,True
2025-11-18,10161445,the_weeknd,24,175,3,1665,0,42,3,True,True
2025-11-17,10432707,kygo_dj,0,17,5,17,0,5,0,False,False
2025-11-04,10581004,black_panther,0,0,0,0,0,0,0,False,True
2025-11-11,10334026,captain_america,0,93,29,73,0,442,143,True,True
2025-11-13,10161445,the_weeknd,1,3,0,18,0,0,0,False,True
2025-11-06,10519299,brad_pitt,0,60,20,60,0,20,0,False,True
2025-11-06,10000226,lady_gaga,8,79,20,1342,0,807,0,False,True
2025-11-21,10272104,bruno_mars,0,11,0,11,0,0,0,False,False
2025-11-06,10383674,doyle_brunson,0,9,0,53,0,0,0,False,True
2025-11-18,10037225,will_smith,7,53,20,220,0,413,3,True,True
2025-11-10,10284705,batman,4,159,49,426,0,101,1,True,True
2025-11-10,10049927,deadmau5,6,82,28,74,0,288,74,True,True
2025-10-29,10012636,hulk_smash,28,208,42,741,0,1726,241,True,True
2025-11-17,10358683,vanessa_selbst,0,9,5,10,0,8,0,False,False
2025-10-27,10592719,iron_man,24,110,1,385,0,2513,998,True,True
2025-11-06,10592719,iron_man,0,46,31,75,0,59,0,False,True
2025-11-06,10630362,calvin_harris,3,25,9,45,0,22,1,True,True
2025-11-12,10074848,post_malone,1,312,85,343,0,201,52,True,True
2025-10-27,10519299,brad_pitt,0,0,0,0,0,0,0,False,True
2025-11-20,10272104,bruno_mars,1,1,0,1,0,0,0,True,True
2025-11-20,10210424,margot_robbie,3,9,3,110,0,40,0,True,True
2025-11-20,10444959,superman,9,5,0,2,0,276,0,True,True
2025-11-17,10741651,antonio_esfandiari,0,1,0,1,0,0,0,False,False
2025-11-17,10185305,justin_bieber,0,40,9,46,0,9,0,False,False
2025-11-06,10161445,the_weeknd,15,117,3,538,0,1038,240,True,True
2025-11-12,10581004,black_panther,0,8,1,8,0,1,0,False,True
2025-11-18,10012636,hulk_smash,5,1,0,1,0,0,0,True,True
2025-11-18,10617414,jennifer_lawrence,2,67,4,131,0,133,65,True,True
2025-10-28,10185305,justin_bieber,0,113,20,161,0,20,0,False,True
2025-10-29,10457231,armin_vanbuuren,5,3,1,5,0,2,0,False,True
2025-11-06,10531454,matt_damon,0,1,1,1,0,1,0,False,True
2025-10-27,10037225,will_smith,13,28,9,37,0,23,0,True,True
2025-10-28,10012636,hulk_smash,0,108,15,106,0,58,9,True,True
2025-11-20,10321435,zedd_dj,2,3,0,1,0,433,191,True,True
2025-11-20,10370767,rihanna,3,3,0,0,0,284,235,True,True
2025-11-12,10383674,doyle_brunson,32,43,10,87,0,10,0,True,True
2025-11-04,10062595,ed_sheeran,4,4,0,153,0,0,0,False,True
2025-10-27,10321435,zedd_dj,2,57,8,55,0,2472,12,True,True
2025-11-19,10408220,black_widow,3,0,0,0,0,0,0,True,True
2025-11-18,10234871,tom_hanks,0,10,2,8,0,29,2,True,True
2025-10-30,10049927,deadmau5,3,7,0,26,0,27,35,True,True
2025-11-04,10531454,matt_damon,1,0,0,0,0,0,0,True,True
2025-10-29,10654552,johnny_depp,0,38,8,39,0,8,0,False,True
2025-11-06,10185305,justin_bieber,0,150,22,257,0,29,0,False,True
2025-11-13,10432707,kygo_dj,2,7,0,108,0,0,0,False,True
2025-11-11,10654552,johnny_depp,0,0,0,0,0,0,0,False,True
2025-11-11,10617414,jennifer_lawrence,0,10,0,17,0,0,0,False,True
2025-11-17,10630362,calvin_harris,0,14,1,24,0,1,0,False,False
2025-10-30,10494625,skrillex,13,22,0,0,0,929,226,True,True
2025-11-20,10408220,black_widow,3,0,0,0,0,0,0,True,True
2025-10-29,10506778,taylor_swift,0,96,25,106,0,36,0,False,True
2025-10-29,10630362,calvin_harris,1,23,2,34,0,2,0,True,True
2025-11-19,10272104,bruno_mars,2,2,1,132,0,131,0,True,True
2025-10-28,10210424,margot_robbie,4,19,5,37,0,45,23,True,True
2025-11-12,10531454,matt_damon,0,9,2,9,0,2,0,False,True
2025-11-12,10259578,beyonce,0,113,16,165,0,16,0,False,True
2025-11-12,10161445,the_weeknd,11,61,5,740,0,412,36,True,True
2025-11-10,10457231,armin_vanbuuren,19,161,30,427,0,197,0,False,True
2025-11-17,10309287,diplo_dj,0,125,25,277,0,54,0,False,False
2025-11-17,10259578,beyonce,0,21,4,23,0,6,0,False,False
2025-10-28,10000226,lady_gaga,20,70,36,6574,0,5480,0,False,True
2025-10-28,10272104,bruno_mars,5,36,13,40,0,15,0,False,True
2025-11-17,10297034,dua_lipa,0,33,6,49,0,16,0,False,False
2025-11-13,10012636,hulk_smash,3,3,0,0,0,466,3,True,True
2025-11-17,10469265,avicii,0,43,13,43,0,13,0,False,False
2025-11-17,10519299,brad_pitt,0,7,2,7,0,2,0,False,False
2025-10-28,10432707,kygo_dj,5,140,26,384,0,69,0,False,True
2025-11-11,10555840,aquaman,0,41,7,50,0,17,0,False,True
2025-11-11,10519299,brad_pitt,0,9,0,10,0,0,0,False,True
2025-11-17,10555840,aquaman,0,15,2,17,0,5,0,False,False
2025-11-19,10334026,captain_america,0,8,3,8,0,3,0,False,False
2025-11-19,10581004,black_panther,0,12,1,13,0,1,0,False,False
2025-10-30,10210424,margot_robbie,1,15,1,26,0,52,35,True,True
2025-10-27,10025632,tom_cruise,2,0,0,0,0,0,0,True,True
2025-10-27,10691543,marshmello_dj,4,9,1,36,0,1,0,False,True
2025-11-13,10247657,wolverine_x,0,6,0,70,0,0,0,True,True
2025-10-27,10185305,justin_bieber,0,24,4,33,0,4,0,False,True
2025-10-29,10272104,bruno_mars,0,20,1,20,0,1,0,False,True
2025-11-20,10395162,ariana_grande,5,0,0,0,0,0,0,False,True
2025-11-20,10062595,ed_sheeran,1,3,0,64,0,0,0,False,True
2025-11-13,10581004,black_panther,0,10,2,10,0,2,0,False,False
2025-11-13,10592719,iron_man,0,2,2,2,0,2,0,False,False
2025-10-27,10654552,johnny_depp,2,38,16,57,0,41,20,False,True
2025-10-27,10309287,diplo_dj,0,0,0,0,0,0,0,False,True
2025-11-13,10654552,johnny_depp,0,4,0,4,0,0,0,False,False
2025-11-06,10148318,phil_hellmuth,1,27,9,54,0,23,0,False,True
2025-10-30,10111244,thor_odinson,2,13,0,200,0,0,0,False,True
2025-10-30,10531454,matt_damon,2,0,0,0,0,0,0,True,True
2025-10-29,10210424,margot_robbie,28,35,0,150,0,2450,8,True,True
2025-10-29,10297034,dua_lipa,1,4,1,3,0,1,0,False,True
2025-10-29,10519299,brad_pitt,0,38,20,101,0,47,0,False,True
2025-10-27,10630362,calvin_harris,1,71,22,97,0,27,0,True,True
2025-11-07,10334026,captain_america,1,3,1,8,0,0,0,False,True
2025-11-20,10148318,phil_hellmuth,0,3,1,3,0,1,0,False,False
2025-11-20,10581004,black_panther,0,26,5,30,0,5,0,False,False
2025-11-13,10482255,natalie_portman,0,58,21,75,0,27,0,False,False
2025-11-13,10321435,zedd_dj,0,20,1,20,0,1,0,False,False
2025-11-18,10087054,green_lantern,1,6,1,139,0,75,0,False,True
2025-10-27,10704416,wonder_woman,0,30,18,54,0,56,0,False,True
2025-10-28,10358683,vanessa_selbst,0,39,13,53,0,27,0,False,True
2025-10-28,10309287,diplo_dj,10,66,6,88,0,2369,453,True,True
2025-11-10,10037225,will_smith,1,146,35,186,0,475,508,True,True
2025-11-13,10519299,brad_pitt,0,5,1,5,0,1,0,False,False
2025-11-13,10234871,tom_hanks,0,83,19,113,0,24,0,False,False
2025-10-29,10679546,daniel_negreanu,0,53,17,55,0,20,0,False,True
2025-11-19,10519299,brad_pitt,0,64,32,64,0,32,0,False,False
2025-11-11,10012636,hulk_smash,21,23,0,2,0,1666,69,True,True
2025-11-11,10506778,taylor_swift,2,4,0,6,0,0,0,False,True
2025-11-06,10432707,kygo_dj,2,13,2,64,0,1,0,True,True
2025-11-11,10284705,batman,0,1,0,1,0,0,0,False,True
2025-11-19,10111244,thor_odinson,0,10,2,12,0,2,0,False,False
2025-11-20,10519299,brad_pitt,0,31,27,31,0,27,0,False,False
2025-11-13,10185305,justin_bieber,0,46,12,49,0,12,0,False,False
2025-10-28,10555840,aquaman,0,37,11,124,0,22,0,False,True
2025-10-29,10234871,tom_hanks,0,79,24,90,0,39,0,False,True
2025-11-13,10642627,erik_seidel,0,48,20,48,0,21,0,False,False
2025-10-29,10321435,zedd_dj,0,25,2,25,0,2,0,False,True
2025-11-12,10630362,calvin_harris,3,117,30,286,0,44,0,False,True
2025-11-12,10482255,natalie_portman,0,24,7,24,0,7,0,False,True
2025-11-10,10136311,scarlett_johansson,10,39,3,63,0,1590,187,True,True
2025-11-11,10259578,beyonce,0,13,2,15,0,2,0,False,True
2025-11-20,10358683,vanessa_selbst,0,11,0,20,0,0,0,False,False
2025-11-13,10062595,ed_sheeran,0,2,0,2,0,0,0,False,False
2025-11-20,10074848,post_malone,0,98,37,105,0,39,0,False,False
2025-11-20,10185305,justin_bieber,0,30,3,38,0,3,0,False,False
2025-11-13,10099405,phil_ivey,0,2,0,2,0,0,0,False,False
2025-11-13,10630362,calvin_harris,0,2,0,2,0,0,0,False,False
2025-11-06,10543595,keanu_reeves,0,30,1,14,0,261,307,True,True
2025-11-10,10012636,hulk_smash,5,14,11,375,0,360,0,True,True
2025-11-20,10198461,tiesto_dj,0,1,0,1,0,0,0,False,False
2025-11-20,10309287,diplo_dj,0,24,2,61,0,2,0,False,False
2025-11-11,10000226,lady_gaga,21,69,20,2798,0,2399,0,False,True
2025-10-29,10087054,green_lantern,2,5,0,86,0,0,0,False,True
2025-11-19,10074848,post_malone,0,116,34,125,0,35,0,False,False
2025-10-27,10284705,batman,0,16,6,16,0,6,0,False,True
2025-11-13,10444959,superman,0,10,1,40,0,25,0,False,False
2025-11-12,10012636,hulk_smash,30,48,0,0,0,2690,38,True,True
2025-11-12,10457231,armin_vanbuuren,14,14,6,236,0,131,0,False,True
2025-11-07,10753699,billie_eilish,8,13,0,3,0,0,0,False,True
2025-11-20,10099405,phil_ivey,0,106,56,134,0,81,0,False,False
2025-10-29,10334026,captain_america,1,19,3,81,0,48,0,False,True
2025-10-29,10074848,post_malone,2,133,48,141,0,66,4,False,True
2025-11-10,10185305,justin_bieber,0,120,29,188,0,39,0,False,True
2025-10-29,10444959,superman,0,44,14,84,0,20,0,False,True
2025-11-19,10185305,justin_bieber,0,7,0,7,0,0,0,False,False
2025-11-19,10148318,phil_hellmuth,0,42,13,48,0,21,0,False,False
2025-11-06,10284705,batman,0,15,3,82,0,5,0,False,True
2025-11-20,10111244,thor_odinson,0,5,1,7,0,3,0,False,False
2025-11-13,10284705,batman,0,66,22,201,0,49,0,False,False
2025-11-12,10592719,iron_man,0,0,0,0,0,0,0,False,True
2025-11-20,10531454,matt_damon,0,19,3,23,0,5,0,False,False
2025-11-10,10519299,brad_pitt,0,66,19,68,0,19,0,False,True
2025-11-13,10123804,denzel_washington,0,1,0,24,0,0,0,False,False
2025-11-06,10210424,margot_robbie,6,16,2,1009,0,629,0,True,True
2025-10-29,10383674,doyle_brunson,9,34,7,40,0,7,0,True,True
2025-10-29,10037225,will_smith,3,26,7,44,0,7,0,False,True
2025-11-20,10469265,avicii,0,16,7,18,0,9,0,False,False
2025-10-29,10555840,aquaman,0,28,12,32,0,15,0,False,True
2025-10-29,10642627,erik_seidel,1,35,6,68,0,15,0,False,True
2025-11-06,10049927,deadmau5,1,4,0,23,0,0,0,False,True
2025-11-19,10444959,superman,0,20,6,22,0,8,0,False,False
2025-11-19,10630362,calvin_harris,0,6,1,20,0,1,0,False,False
2025-11-18,10568383,ryan_gosling,0,39,9,48,0,12,0,False,False
2025-11-18,10284705,batman,0,38,13,141,0,13,0,False,False
2025-10-29,10247657,wolverine_x,5,11,0,72,0,0,0,False,True
2025-11-20,10297034,dua_lipa,0,1,0,1,0,0,0,False,False
2025-10-29,10395162,ariana_grande,0,1,0,1,0,0,0,False,True
2025-11-10,10234871,tom_hanks,0,29,11,29,0,11,0,False,True
2025-11-10,10444959,superman,0,34,3,63,0,34,27,False,True
2025-11-10,10592719,iron_man,0,0,0,0,0,0,0,False,True
2025-11-12,10185305,justin_bieber,1,26,7,25,0,7,0,False,True
2025-11-12,10284705,batman,0,54,17,230,0,74,1,True,True
2025-11-06,10581004,black_panther,0,8,3,8,0,3,0,False,True
2025-10-29,10691543,marshmello_dj,9,6,3,20,0,12,0,False,True
2025-11-11,10062595,ed_sheeran,0,2,0,2,0,0,0,False,True
2025-11-11,10469265,avicii,0,5,2,5,0,2,0,False,True
2025-11-18,10457231,armin_vanbuuren,0,8,0,8,0,0,0,False,False
2025-11-18,10259578,beyonce,0,80,19,102,0,30,0,False,False
2025-11-18,10321435,zedd_dj,0,10,0,11,0,0,0,False,False
2025-11-18,10555840,aquaman,0,160,43,196,0,69,0,False,False
2025-10-28,10482255,natalie_portman,0,28,2,28,0,2,0,False,True
2025-10-29,10099405,phil_ivey,0,1,1,2,0,2,0,False,True
2025-11-10,10383674,doyle_brunson,25,42,12,62,0,15,0,True,True
2025-11-12,10321435,zedd_dj,0,25,1,30,0,1,0,False,True
2025-11-18,10148318,phil_hellmuth,0,24,8,30,0,9,0,False,False
2025-11-18,10581004,black_panther,0,33,4,49,0,6,0,False,False
2025-11-06,10012636,hulk_smash,9,3,2,229,0,214,0,False,True
2025-11-06,10358683,vanessa_selbst,0,4,2,4,0,2,0,False,True
2025-11-11,10234871,tom_hanks,2,3,1,47,0,5,0,False,True
2025-11-18,10482255,natalie_portman,0,99,36,131,0,45,0,False,False
2025-11-18,10519299,brad_pitt,0,29,5,30,0,6,0,False,False
2025-10-28,10111244,thor_odinson,1,7,5,68,0,0,0,False,True
2025-10-28,10334026,captain_america,1,2,1,13,0,0,0,False,True
2025-11-18,10185305,justin_bieber,0,70,19,104,0,19,0,False,False
2025-11-18,10630362,calvin_harris,0,34,8,55,0,11,0,False,False
2025-11-18,10506778,taylor_swift,0,11,2,14,0,2,0,False,False
2025-10-29,10469265,avicii,0,1,0,1,0,0,0,False,True
2025-10-29,10284705,batman,14,64,3,1487,0,29,80,True,True
2025-11-12,10494625,skrillex,2,2,0,0,0,184,0,True,True
2025-11-12,10334026,captain_america,1,56,24,66,0,34,0,False,True
2025-10-28,10444959,superman,0,74,15,121,0,23,0,False,True
2025-10-28,10654552,johnny_depp,0,8,1,8,0,1,0,False,True
2025-11-11,10309287,diplo_dj,0,8,3,22,0,11,0,False,True
2025-11-18,10272104,bruno_mars,0,11,0,11,0,0,0,False,False
2025-11-18,10766209,flash_gordon,0,1,1,1,0,1,0,False,False
2025-11-11,10444959,superman,0,10,1,10,0,1,0,False,True
2025-10-28,10630362,calvin_harris,0,26,6,29,0,11,0,False,True
2025-10-28,10728580,leo_dicaprio,45,42,0,58,0,1071,626,True,True
2025-10-29,10432707,kygo_dj,4,15,2,169,0,53,0,False,True
2025-10-28,10543595,keanu_reeves,5,28,2,45,0,93,29,True,True
2025-11-11,10136311,scarlett_johansson,47,123,17,507,0,301,136,True,True
2025-11-07,10210424,margot_robbie,1,0,0,0,0,0,0,True,True
2025-11-11,10370767,rihanna,4,4,0,12,0,4,0,True,True
2025-11-11,10531454,matt_damon,90,133,8,39,0,3724,1178,True,True
2025-10-28,10704416,wonder_woman,0,2,0,2,0,0,0,False,True
2025-11-12,10198461,tiesto_dj,16,66,4,120,0,185,102,True,True
2025-10-29,10198461,tiesto_dj,0,1,0,1,0,0,0,False,True
2025-10-29,10543595,keanu_reeves,0,2,0,2,0,0,0,False,True
2025-11-10,10247657,wolverine_x,15,109,0,1448,0,2012,396,True,True
2025-11-10,10581004,black_panther,0,1,1,1,0,1,0,False,True
2025-11-11,10123804,denzel_washington,22,30,0,59,0,761,44,True,True
2025-11-12,10543595,keanu_reeves,6,26,4,65,0,46,8,True,True
2025-11-12,10272104,bruno_mars,0,1,0,1,0,0,0,False,True
2025-11-12,10247657,wolverine_x,9,48,11,1032,0,1037,21,True,True
2025-10-29,10111244,thor_odinson,1,6,0,138,0,0,0,False,True
2025-11-10,10494625,skrillex,7,11,0,6,0,506,51,True,True
2025-11-10,10309287,diplo_dj,0,9,4,9,0,4,0,False,True
2025-11-12,10444959,superman,0,2,0,2,0,0,0,False,True
2025-10-29,10741651,antonio_esfandiari,4,17,0,0,0,0,0,False,True
2025-11-11,10247657,wolverine_x,6,29,11,664,0,148,0,True,True
2025-11-11,10198461,tiesto_dj,19,37,2,73,0,359,190,True,True
2025-10-28,10568383,ryan_gosling,0,8,5,8,0,5,0,False,True
2025-11-12,10148318,phil_hellmuth,0,30,8,45,0,10,0,False,True
2025-11-12,10210424,margot_robbie,4,1,1,1,0,1,0,True,True
2025-11-11,10592719,iron_man,1,0,0,0,0,0,0,False,True
2025-10-29,10358683,vanessa_selbst,0,0,0,0,0,0,0,False,True
2025-10-28,10321435,zedd_dj,1,10,3,57,0,50,0,False,True
2025-10-29,10531454,matt_damon,2,0,0,0,0,0,0,True,True
2025-11-06,10123804,denzel_washington,18,42,0,242,0,582,39,True,True
2025-11-11,10728580,leo_dicaprio,3,7,0,3,0,7,1,True,True
2025-11-12,10654552,johnny_depp,0,4,1,4,0,1,0,False,True
2025-11-12,10469265,avicii,0,2,0,2,0,0,0,False,True
2025-10-28,10123804,denzel_washington,7,8,0,0,0,91,28,True,True
2025-11-12,10234871,tom_hanks,0,0,0,0,0,0,0,False,True
2025-11-10,10062595,ed_sheeran,8,42,4,69,0,980,41,True,True
2025-11-06,10691543,marshmello_dj,1,0,0,0,0,0,0,False,True
2025-10-28,10494625,skrillex,8,10,0,3,0,253,51,True,True
2025-11-11,10210424,margot_robbie,0,1,0,1,0,0,0,False,True
2025-11-06,10099405,phil_ivey,0,0,0,0,0,0,0,False,True
2025-11-06,10247657,wolverine_x,0,0,0,0,0,0,0,False,True
2025-10-28,10284705,batman,0,1,1,2,0,1,0,False,True
2025-11-06,10370767,rihanna,0,0,0,0,0,0,0,False,True
2025-11-10,10087054,green_lantern,0,0,0,0,0,0,0,False,True
2025-11-10,10617414,jennifer_lawrence,0,0,0,0,0,0,0,False,True
